{
    "Arecanut": 0,
    "Arhar/Tur": 1,
    "Banana": 3,
    "Blackpepper": 5,
    "Cashewnut": 7,
    "Coconut": 9,
    "Cowpea(Lobia)": 12,
    "Drychillies": 13,
    "Ginger": 15,
    "Groundnut": 17,
    "Maize": 24,
    "Moong(GreenGram)": 27,
    "Oilseedstotal": 30,
    "OtherKharifpulses": 34,
    "otheroilseeds": 54,
    "Rapeseed&Mustard": 39,
    "Rice": 40,
    "Sesamum": 43,
    "Sugarcane": 46,
    "Sunflower": 47,
    "Sweetpotato": 48,
    "Tapioca": 49,
    "Turmeric": 51,
    "Urad": 52,
    "Bajra": 2,
    "Castorseed": 8,
    "Coriander": 10,
    "Cotton(lint)": 11,
    "Garlic": 14,
    "Gram": 16,
    "Guarseed": 18,
    "Horse-gram": 19,
    "Jowar": 20,
    "Linseed": 23,
    "Masoor": 25,
    "Mesta": 26,
    "Nigerseed": 29,
    "Onion": 31,
    "OtherRabipulses": 32,
    "Potato": 37,
    "Ragi": 38,
    "Safflower": 41,
    "Sannhamp": 42,
    "Smallmillets": 44,
    "Soyabean": 45,
    "Tobacco": 50,
    "Wheat": 53,
    "Peas&beans(Pulses)": 36,
    "Jute": 21,
    "Barley": 4,
    "Khesari": 22,
    "Moth": 28,
    "OtherCereals": 33,
    "Cardamom": 6,
    "OtherSummerPulses": 35
}