{
    "NICOBARS": 464,
    "NORTH AND MIDDLE ANDAMAN": 468,
    "SOUTH ANDAMANS": 611,
    "ANANTAPUR": 23,
    "EAST GODAVARI": 183,
    "KRISHNA": 361,
    "VIZIANAGARAM": 684,
    "WEST GODAVARI": 692,
    "ADILABAD": 0,
    "CHITTOOR": 129,
    "GUNTUR": 229,
    "KADAPA": 293,
    "KARIMNAGAR": 319,
    "KHAMMAM": 331,
    "KURNOOL": 366,
    "MAHBUBNAGAR": 395,
    "MEDAK": 417,
    "NALGONDA": 450,
    "NIZAMABAD": 467,
    "PRAKASAM": 507,
    "RANGAREDDI": 535,
    "SPSR NELLORE": 619,
    "SRIKAKULAM": 620,
    "VISAKHAPATANAM": 683,
    "WARANGAL": 686,
    "HYDERABAD": 252,
    "DIBANG VALLEY": 167,
    "EAST KAMENG": 185,
    "EAST SIANG": 187,
    "KAMLE": 301,
    "LEPARADA": 378,
    "LOHIT": 380,
    "LONGDING": 381,
    "LOWER DIBANG VALLEY": 383,
    "LOWER SIANG": 384,
    "LOWER SUBANSIRI": 385,
    "NAMSAI": 452,
    "PAKKE KESSANG": 475,
    "PAPUM PARE": 486,
    "SIANG": 589,
    "TIRAP": 648,
    "UPPER SIANG": 669,
    "UPPER SUBANSIRI": 670,
    "WEST SIANG": 697,
    "ANJAW": 25,
    "CHANGLANG": 115,
    "KRA DAADI": 360,
    "KURUNG KUMEY": 368,
    "SHI YOMI": 583,
    "TAWANG": 634,
    "WEST KAMENG": 694,
    "BAKSA": 41,
    "BARPETA": 64,
    "BISWANATH\n": 94,
    "BONGAIGAON": 96,
    "CACHAR": 105,
    "CHARAIDEO\n": 116,
    "CHIRANG": 126,
    "DARRANG": 145,
    "DHEMAJI": 162,
    "DHUBRI": 165,
    "DIBRUGARH": 168,
    "DIMA HASAO": 169,
    "GOALPARA": 219,
    "GOLAGHAT": 221,
    "HAILAKANDI": 233,
    "HOJAI\n": 247,
    "JORHAT": 289,
    "KAMRUP": 302,
    "KAMRUP METRO": 303,
    "KARBI ANGLONG": 316,
    "KARIMGANJ": 318,
    "KOKRAJHAR": 346,
    "LAKHIMPUR": 371,
    "MAJULI\n": 402,
    "MARIGAON": 413,
    "NAGAON": 442,
    "NALBARI": 449,
    "SIVASAGAR": 603,
    "SONITPUR": 610,
    "SOUTH SALMARA MANCACHAR\n": 615,
    "TINSUKIA": 647,
    "UDALGURI": 659,
    "WEST KARBI ANGLONG\n": 695,
    "ARARIA": 28,
    "ARWAL": 31,
    "AURANGABAD": 34,
    "BANKA": 54,
    "BEGUSARAI": 70,
    "BHAGALPUR": 77,
    "BHOJPUR": 85,
    "BOKARO": 95,
    "BUXAR": 104,
    "CHATRA": 118,
    "DARBHANGA": 143,
    "DEOGHAR": 152,
    "DHANBAD": 158,
    "DUMKA": 178,
    "EAST SINGHBUM": 188,
    "GARHWA": 210,
    "GAYA": 214,
    "GIRIDIH": 218,
    "GODDA": 220,
    "GOPALGANJ": 225,
    "GUMLA": 227,
    "HAZARIBAGH": 244,
    "JAMUI": 272,
    "JEHANABAD": 278,
    "KAIMUR (BHABUA)": 294,
    "KATIHAR": 325,
    "KHAGARIA": 330,
    "KISHANGANJ": 341,
    "KODERMA": 344,
    "LAKHISARAI": 372,
    "LOHARDAGA": 379,
    "MADHEPURA": 389,
    "MADHUBANI": 390,
    "MUNGER": 435,
    "MUZAFFARPUR": 438,
    "NALANDA": 448,
    "NAWADA": 461,
    "PAKUR": 476,
    "PALAMU": 478,
    "PASHCHIM CHAMPARAN": 491,
    "PATNA": 496,
    "PURBI CHAMPARAN": 513,
    "PURNIA": 515,
    "RANCHI": 534,
    "ROHTAS": 545,
    "SAHARSA": 552,
    "SAHEBGANJ": 553,
    "SAMASTIPUR": 556,
    "SARAN": 566,
    "SHEIKHPURA": 580,
    "SHEOHAR": 581,
    "SITAMARHI": 600,
    "SIWAN": 604,
    "SUPAUL": 625,
    "VAISHALI": 674,
    "WEST SINGHBHUM": 698,
    "CHANDIGARH": 113,
    "BALOD": 47,
    "BALODA BAZAR": 48,
    "BALRAMPUR": 49,
    "BASTAR": 66,
    "BEMETARA": 72,
    "BIJAPUR": 88,
    "BILASPUR": 91,
    "DANTEWADA": 142,
    "DHAMTARI": 157,
    "DURG": 180,
    "GARIYABAND": 211,
    "GAURELLA-PENDRA-MARWAHI": 212,
    "JANJGIR-CHAMPA": 274,
    "JASHPUR": 275,
    "KABIRDHAM": 291,
    "KANKER": 307,
    "KONDAGAON": 352,
    "KORBA": 355,
    "KOREA": 356,
    "MAHASAMUND": 394,
    "MUNGELI": 434,
    "NARAYANPUR": 456,
    "RAIGARH": 520,
    "RAIPUR": 521,
    "RAJNANDGAON": 527,
    "SUKMA": 622,
    "SURAJPUR": 626,
    "SURGUJA": 629,
    "DADRA AND NAGAR HAVELI": 137,
    "DIU": 175,
    "DAMAN": 139,
    "DELHI_TOTAL": 150,
    "NORTH GOA": 471,
    "SOUTH GOA": 614,
    "AHMADABAD": 3,
    "AMRELI": 19,
    "ANAND": 22,
    "ARAVALLI": 29,
    "BANAS KANTHA": 50,
    "BHARUCH": 80,
    "BHAVNAGAR": 81,
    "BOTAD": 97,
    "CHHOTAUDEPUR": 123,
    "DANG": 141,
    "DEVBHUMI DWARKA": 154,
    "DOHAD": 177,
    "GANDHINAGAR": 207,
    "GIR SOMNATH": 217,
    "JAMNAGAR": 270,
    "JUNAGADH": 290,
    "KACHCHH": 292,
    "KHEDA": 334,
    "MAHESANA": 398,
    "MAHISAGAR": 399,
    "MORBI": 428,
    "NARMADA": 457,
    "NAVSARI": 460,
    "PANCH MAHALS": 482,
    "PATAN": 492,
    "PORBANDAR": 506,
    "RAJKOT": 526,
    "SABAR KANTHA": 549,
    "SURAT": 627,
    "SURENDRANAGAR": 628,
    "TAPI": 632,
    "VADODARA": 673,
    "VALSAD": 675,
    "AMBALA": 15,
    "BHIWANI": 84,
    "CHARKI DADRI": 117,
    "FARIDABAD": 194,
    "FATEHABAD": 197,
    "GURGAON": 231,
    "HISAR": 246,
    "JHAJJAR": 280,
    "JIND": 286,
    "KAITHAL": 295,
    "KARNAL": 320,
    "KURUKSHETRA": 367,
    "MAHENDRAGARH": 397,
    "MEWAT": 422,
    "PALWAL": 481,
    "PANCHKULA": 483,
    "PANIPAT": 484,
    "REWARI": 542,
    "ROHTAK": 544,
    "SIRSA": 599,
    "SONIPAT": 609,
    "YAMUNANAGAR": 703,
    "CHAMBA": 107,
    "KANGRA": 306,
    "KULLU": 364,
    "MANDI": 408,
    "SHIMLA": 584,
    "SIRMAUR": 597,
    "SOLAN": 605,
    "UNA": 666,
    "HAMIRPUR": 234,
    "KINNAUR": 339,
    "LAHUL AND SPITI": 370,
    "JAMMU": 269,
    "SAMBA": 557,
    "BANDIPORA": 52,
    "DODA": 176,
    "KATHUA": 324,
    "KISHTWAR": 342,
    "KUPWARA": 365,
    "LEH LADAKH": 377,
    "RAJAURI": 524,
    "REASI": 540,
    "UDHAMPUR": 661,
    "BARAMULLA": 58,
    "GANDERBAL": 206,
    "RAMBAN": 531,
    "SRINAGAR": 621,
    "BADGAM": 36,
    "ANANTNAG": 24,
    "KULGAM": 363,
    "POONCH": 505,
    "PULWAMA": 510,
    "SHOPIAN": 587,
    "KARGIL": 317,
    "JAMTARA": 271,
    "KHUNTI": 338,
    "LATEHAR": 374,
    "RAMGARH": 532,
    "SARAIKELA KHARSAWAN": 565,
    "SIMDEGA": 594,
    "BAGALKOTE": 37,
    "BALLARI": 45,
    "BANGALORE RURAL": 53,
    "BELAGAVI": 71,
    "BENGALURU URBAN": 73,
    "CHAMARAJANAGARA": 106,
    "CHIKKABALLAPURA": 124,
    "CHIKKAMAGALURU": 125,
    "CHITRADURGA": 127,
    "DAKSHINA KANNADA": 138,
    "DAVANGERE": 148,
    "DHARWAD": 161,
    "GADAG": 203,
    "HASSAN": 241,
    "HAVERI": 243,
    "KALABURAGI": 296,
    "KODAGU": 343,
    "KOLAR": 347,
    "MANDYA": 411,
    "MYSURU": 439,
    "RAMANAGARA": 529,
    "SHIVAMOGGA": 585,
    "TUMAKURU": 656,
    "UDUPI": 662,
    "UTTARA KANNADA": 672,
    "VIJAYAPURA": 679,
    "BIDAR": 87,
    "KOPPAL": 353,
    "RAICHUR": 518,
    "YADAGIRI": 702,
    "ALAPPUZHA": 8,
    "ERNAKULAM": 189,
    "IDUKKI": 253,
    "KANNUR": 310,
    "KASARAGOD": 322,
    "KOLLAM": 350,
    "KOTTAYAM": 358,
    "KOZHIKODE": 359,
    "MALAPPURAM": 403,
    "PALAKKAD": 477,
    "PATHANAMTHITTA": 493,
    "THIRUVANANTHAPURAM": 642,
    "THRISSUR": 645,
    "WAYANAD": 689,
    "AGAR MALWA": 1,
    "ALIRAJPUR": 11,
    "ANUPPUR": 27,
    "ASHOKNAGAR": 32,
    "BALAGHAT": 42,
    "BARWANI": 65,
    "BETUL": 74,
    "BHIND": 83,
    "BHOPAL": 86,
    "BURHANPUR": 103,
    "CHHATARPUR": 121,
    "CHHINDWARA": 122,
    "DAMOH": 140,
    "DATIA": 146,
    "DEWAS": 155,
    "DHAR": 159,
    "DINDORI": 174,
    "GUNA": 228,
    "GWALIOR": 232,
    "HARDA": 238,
    "HOSHANGABAD": 249,
    "INDORE": 256,
    "JABALPUR": 257,
    "JHABUA": 279,
    "KATNI": 326,
    "KHANDWA": 332,
    "KHARGONE": 333,
    "MANDLA": 409,
    "MANDSAUR": 410,
    "MORENA": 429,
    "NARSINGHPUR": 458,
    "NEEMUCH": 463,
    "PANNA": 485,
    "RAISEN": 522,
    "RAJGARH": 525,
    "RATLAM": 537,
    "REWA": 541,
    "SAGAR": 550,
    "SATNA": 568,
    "SEHORE": 570,
    "SEONI": 572,
    "SHAHDOL": 575,
    "SHAJAPUR": 578,
    "SHEOPUR": 582,
    "SHIVPURI": 586,
    "SIDHI": 592,
    "SINGRAULI": 596,
    "TIKAMGARH": 646,
    "UJJAIN": 663,
    "UMARIA": 665,
    "VIDISHA": 678,
    "NIWARI": 466,
    "AHMEDNAGAR": 4,
    "AKOLA": 7,
    "AMRAVATI": 18,
    "BEED": 69,
    "BHANDARA": 78,
    "BULDHANA": 101,
    "CHANDRAPUR": 114,
    "DHULE": 166,
    "GADCHIROLI": 204,
    "GONDIA": 224,
    "HINGOLI": 245,
    "JALGAON": 265,
    "JALNA": 266,
    "KOLHAPUR": 349,
    "LATUR": 375,
    "NAGPUR": 446,
    "NANDED": 453,
    "NANDURBAR": 454,
    "NASHIK": 459,
    "OSMANABAD": 474,
    "PALGHAR": 479,
    "PARBHANI": 489,
    "PUNE": 511,
    "RAIGAD": 519,
    "RATNAGIRI": 538,
    "SANGLI": 561,
    "SATARA": 567,
    "SINDHUDURG": 595,
    "SOLAPUR": 606,
    "THANE": 637,
    "WARDHA": 687,
    "WASHIM": 688,
    "YAVATMAL": 705,
    "MUMBAI SUBURBAN": 433,
    "MUMBAI": 432,
    "BISHNUPUR": 93,
    "CHANDEL": 112,
    "CHURACHANDPUR": 131,
    "IMPHAL EAST": 254,
    "IMPHAL WEST": 255,
    "SENAPATI": 571,
    "TAMENGLONG": 631,
    "THOUBAL": 644,
    "UKHRUL": 664,
    "EAST GARO HILLS": 182,
    "EAST JAINTIA HILLS": 184,
    "EAST KHASI HILLS": 186,
    "NORTH GARO HILLS": 470,
    "RI BHOI": 543,
    "SOUTH GARO HILLS": 613,
    "SOUTH WEST GARO HILLS": 617,
    "SOUTH WEST KHASI HILLS": 618,
    "WEST GARO HILLS": 691,
    "WEST JAINTIA HILLS": 693,
    "WEST KHASI HILLS": 696,
    "AIZAWL": 5,
    "CHAMPHAI": 110,
    "KOLASIB": 348,
    "LAWNGTLAI": 376,
    "LUNGLEI": 388,
    "MAMIT": 406,
    "SAIHA": 554,
    "SERCHHIP": 574,
    "DIMAPUR": 170,
    "KIPHIRE": 340,
    "KOHIMA": 345,
    "LONGLENG": 382,
    "MOKOKCHUNG": 425,
    "MON": 426,
    "PEREN": 500,
    "PHEK": 501,
    "TUENSANG": 655,
    "WOKHA": 700,
    "ZUNHEBOTO": 706,
    "ANUGUL": 26,
    "BALANGIR": 43,
    "BALESHWAR": 44,
    "BARGARH": 61,
    "BHADRAK": 76,
    "BOUDH": 98,
    "CUTTACK": 136,
    "DEOGARH": 151,
    "DHENKANAL": 163,
    "GAJAPATI": 205,
    "GANJAM": 209,
    "JAGATSINGHAPUR": 258,
    "JAJAPUR": 262,
    "JHARSUGUDA": 284,
    "KALAHANDI": 297,
    "KANDHAMAL": 305,
    "KENDRAPARA": 328,
    "KENDUJHAR": 329,
    "KHORDHA": 336,
    "KORAPUT": 354,
    "MALKANGIRI": 405,
    "MAYURBHANJ": 416,
    "NABARANGPUR": 440,
    "NAYAGARH": 462,
    "NUAPADA": 473,
    "PURI": 514,
    "RAYAGADA": 539,
    "SAMBALPUR": 558,
    "SONEPUR": 608,
    "SUNDARGARH": 624,
    "MAHE": 396,
    "KARAIKAL": 314,
    "PONDICHERRY": 504,
    "YANAM": 704,
    "AMRITSAR": 20,
    "BARNALA": 63,
    "BATHINDA": 68,
    "FARIDKOT": 195,
    "FATEHGARH SAHIB": 198,
    "FAZILKA": 200,
    "FIROZEPUR": 202,
    "GURDASPUR": 230,
    "HOSHIARPUR": 250,
    "JALANDHAR": 263,
    "KAPURTHALA": 313,
    "LUDHIANA": 387,
    "MANSA": 412,
    "MOGA": 424,
    "MUKTSAR": 430,
    "PATIALA": 495,
    "RUPNAGAR": 547,
    "S NAGAR": 548,
    "SANGRUR": 562,
    "SHAHID BHAGAT SINGH NAGAR": 576,
    "TARN TARAN": 633,
    "PATHANKOT": 494,
    "AJMER": 6,
    "ALWAR": 14,
    "BANSWARA": 56,
    "BARAN": 59,
    "BARMER": 62,
    "BHARATPUR": 79,
    "BHILWARA": 82,
    "BIKANER": 90,
    "BUNDI": 102,
    "CHITTORGARH": 130,
    "DAUSA": 147,
    "DHOLPUR": 164,
    "DUNGARPUR": 179,
    "GANGANAGAR": 208,
    "HANUMANGARH": 236,
    "JAIPUR": 260,
    "JAISALMER": 261,
    "JALORE": 267,
    "JHALAWAR": 281,
    "JHUNJHUNU": 285,
    "JODHPUR": 287,
    "KARAULI": 315,
    "KOTA": 357,
    "NAGAUR": 445,
    "PALI": 480,
    "PRATAPGARH": 508,
    "RAJSAMAND": 528,
    "SAWAI MADHOPUR": 569,
    "SIKAR": 593,
    "SIROHI": 598,
    "TONK": 654,
    "UDAIPUR": 658,
    "CHURU": 132,
    "EAST DISTRICT": 181,
    "NORTH DISTRICT": 469,
    "SOUTH DISTRICT": 612,
    "WEST DISTRICT": 690,
    "ARIYALUR": 30,
    "COIMBATORE": 133,
    "CUDDALORE": 135,
    "DHARMAPURI": 160,
    "DINDIGUL": 173,
    "ERODE": 190,
    "KANNIYAKUMARI": 309,
    "KARUR": 321,
    "KRISHNAGIRI": 362,
    "MADURAI": 391,
    "NAGAPATTINAM": 443,
    "NAMAKKAL": 451,
    "PERAMBALUR": 499,
    "PUDUKKOTTAI": 509,
    "SALEM": 555,
    "THANJAVUR": 638,
    "THE NILGIRIS": 639,
    "THENI": 640,
    "THIRUVARUR": 643,
    "TIRUCHIRAPPALLI": 649,
    "TIRUNELVELI": 650,
    "TIRUPPUR": 652,
    "TIRUVANNAMALAI": 653,
    "VELLORE": 677,
    "VILLUPURAM": 681,
    "VIRUDHUNAGAR": 682,
    "KANCHIPURAM": 304,
    "RAMANATHAPURAM": 530,
    "SIVAGANGA": 602,
    "THIRUVALLUR": 641,
    "TUTICORIN": 657,
    "CHENNAI": 120,
    "KALLAKURICHI": 299,
    "TENKASI": 636,
    "TIRUPATHUR": 651,
    "CHENGALPATTU": 119,
    "RANIPET": 536,
    "BHADRADRI": 75,
    "HANUMAKONDA\n": 235,
    "JAGITIAL": 259,
    "JANGOAN": 273,
    "JAYASHANKAR": 277,
    "JOGULAMBA": 288,
    "KAMAREDDY": 300,
    "KOMARAM BHEEM ASIFABAD": 351,
    "MAHABUBABAD": 392,
    "MANCHERIAL": 407,
    "MEDCHAL MALKAJGIRI": 418,
    "MULUGU": 431,
    "NAGARKURNOOL": 444,
    "NARAYANAPET": 455,
    "NIRMAL": 465,
    "PEDDAPALLI": 498,
    "RAJANNA": 523,
    "SANGAREDDY": 560,
    "SIDDIPET": 591,
    "SURYAPET": 630,
    "VIKARABAD": 680,
    "WANAPARTHY": 685,
    "YADADRI": 701,
    "DHALAI": 156,
    "GOMATI": 222,
    "KHOWAI": 337,
    "NORTH TRIPURA": 472,
    "SEPAHIJALA": 573,
    "SOUTH TRIPURA": 616,
    "UNAKOTI": 667,
    "WEST TRIPURA": 699,
    "AGRA": 2,
    "ALIGARH": 9,
    "ALLAHABAD": 12,
    "ALMORA": 13,
    "AMBEDKAR NAGAR": 16,
    "AMETHI": 17,
    "AMROHA": 21,
    "AURAIYA": 33,
    "AZAMGARH": 35,
    "BAGHPAT": 39,
    "BAHRAICH": 40,
    "BALLIA": 46,
    "BANDA": 51,
    "BARABANKI": 57,
    "BAREILLY": 60,
    "BASTI": 67,
    "BIJNOR": 89,
    "BUDAUN": 99,
    "BULANDSHAHR": 100,
    "CHAMOLI": 108,
    "CHANDAULI": 111,
    "CHITRAKOOT": 128,
    "DEHRADUN": 149,
    "DEORIA": 153,
    "ETAH": 191,
    "ETAWAH": 192,
    "FAIZABAD": 193,
    "FARRUKHABAD": 196,
    "FATEHPUR": 199,
    "FIROZABAD": 201,
    "GAUTAM BUDDHA NAGAR": 213,
    "GHAZIABAD": 215,
    "GHAZIPUR": 216,
    "GONDA": 223,
    "GORAKHPUR": 226,
    "HAPUR": 237,
    "HARDOI": 239,
    "HARIDWAR": 240,
    "HATHRAS": 242,
    "JALAUN": 264,
    "JAUNPUR": 276,
    "JHANSI": 282,
    "KANNAUJ": 308,
    "KANPUR DEHAT": 311,
    "KANPUR NAGAR": 312,
    "KASGANJ": 323,
    "KAUSHAMBI": 327,
    "KHERI": 335,
    "KUSHI NAGAR": 369,
    "LALITPUR": 373,
    "LUCKNOW": 386,
    "MAHARAJGANJ": 393,
    "MAHOBA": 400,
    "MAINPURI": 401,
    "MATHURA": 414,
    "MAU": 415,
    "MEERUT": 421,
    "MIRZAPUR": 423,
    "MORADABAD": 427,
    "MUZAFFARNAGAR": 437,
    "NAINITAL": 447,
    "PAURI GARHWAL": 497,
    "PILIBHIT": 502,
    "PITHORAGARH": 503,
    "RAE BARELI": 517,
    "RAMPUR": 533,
    "SAHARANPUR": 551,
    "SAMBHAL": 559,
    "SANT KABEER NAGAR": 563,
    "SANT RAVIDAS NAGAR": 564,
    "SHAHJAHANPUR": 577,
    "SHAMLI": 579,
    "SHRAVASTI": 588,
    "SIDDHARTH NAGAR": 590,
    "SITAPUR": 601,
    "SONBHADRA": 607,
    "SULTANPUR": 623,
    "TEHRI GARHWAL": 635,
    "UDAM SINGH NAGAR": 660,
    "UNNAO": 668,
    "UTTAR KASHI": 671,
    "VARANASI": 676,
    "BAGESHWAR": 38,
    "CHAMPAWAT": 109,
    "RUDRA PRAYAG": 546,
    "PARAGANAS NORTH": 487,
    "PARAGANAS SOUTH": 488,
    "BANKURA": 55,
    "BIRBHUM": 92,
    "COOCHBEHAR": 134,
    "DARJEELING": 144,
    "DINAJPUR DAKSHIN": 171,
    "DINAJPUR UTTAR": 172,
    "HOOGHLY": 248,
    "HOWRAH": 251,
    "JALPAIGURI": 268,
    "MALDAH": 404,
    "MEDINIPUR EAST": 419,
    "MEDINIPUR WEST": 420,
    "MURSHIDABAD": 436,
    "NADIA": 441,
    "PURBA BARDHAMAN": 512,
    "PURULIA": 516,
    "ALIPURDUAR": 10,
    "JHARGRAM\n": 283,
    "KALIMPONG\n": 298,
    "PASCHIM BARDHAMAN\n": 490
}