{
    "Andaman and Nicobar Island": 0,
    "Andhra Pradesh": 1,
    "Arunachal Pradesh": 2,
    "Assam": 3,
    "Bihar": 4,
    "CHANDIGARH": 5,
    "Chhattisgarh": 6,
    "Dadra and Nagar Haveli": 7,
    "Daman and Diu": 8,
    "Delhi": 9,
    "Goa": 10,
    "Gujarat": 11,
    "Haryana": 12,
    "Himachal Pradesh": 13,
    "Jammu and Kashmir": 14,
    "Jharkhand": 15,
    "Karnataka": 16,
    "Kerala": 17,
    "Laddak": 18,
    "Madhya Pradesh": 19,
    "Maharashtra": 20,
    "Manipur": 21,
    "Meghalaya": 22,
    "Mizoram": 23,
    "Nagaland": 24,
    "Odisha": 25,
    "Puducherry": 26,
    "Punjab": 27,
    "Rajasthan": 28,
    "Sikkim": 29,
    "Tamil Nadu": 31,
    "Telangana": 32,
    "THE DADRA AND NAGAR HAVELI": 30,
    "Tripura": 33,
    "Uttar Pradesh": 34,
    "Uttarakhand": 35,
    "West Bengal": 36
}